FMR LLC,edgar/data/315066/0000315066-25-000939.txt,1675616916343

RENAISSANCE TECHNOLOGIES LLC,edgar/data/1037389/0001037389-25-000009.txt,67553776837
MARSHALL WACE LLP,edgar/data/1318757/0002048047-25-000005.txt,83182349758
LANSDOWNE PARTNERS (UK) LLP,edgar/data/1608485/0000919574-25-001097.txt,1376446032
Bridgewater Associates LP,edgar/data/1350694/0001172661-25-000823.txt,21811059842
Senator Investment Group LP,edgar/data/1443689/0001443689-25-000003.txt,3407324169
CRAMER ROSENTHAL MCGLYNN LLC,edgar/data/820743/0001140361-25-004268.txt,1769780357
Mudrick Capital Management L.P.,edgar/data/1655183/0001655183-25-000003.txt,595582299
XTX Topco Ltd,edgar/data/1828301/0001828301-25-000023.txt,1216843468
Walleye Trading LLC,edgar/data/1388391/0001172661-25-000827.txt,47571848086

Capital World Investors,edgar/data/1422849/0001422848-25-000012.txt,658706128862
3,Invesco Ltd.,edgar/data/914208/0000914208-25-000103.txt,540896546112
4,Capital International Investors,edgar/data/1562230/0001422848-25-000006.txt,532304801573
5,Capital Research Global Investors,edgar/data/1422848/0001422848-25-000010.txt,486376918542
6,WELLS FARGO & COMPANY/MN,edgar/data/72971/0000072971-25-000059.txt,443369427762
7,DIMENSIONAL FUND ADVISORS LP,edgar/data/354204/0000354204-25-000528.txt,416375320611
8,Legal & General Group Plc,edgar/data/764068/0000764068-25-000011.txt,377937566921
9,ENVESTNET ASSET MANAGEMENT INC,edgar/data/1407543/0001214659-25-002500.txt,311534250506
10,RAYMOND JAMES FINANCIAL INC,edgar/data/720005/0000720005-25-000026.txt,269457494472
11,BANK OF MONTREAL /CAN/,edgar/data/927971/0000927971-25-000008.txt,214679052047
12,DODGE & COX,edgar/data/200217/0000950123-25-002054.txt,171840603484
13,Neuberger Berman Group LLC,edgar/data/1465109/0001415889-25-003860.txt,125966723947
14,FIRST TRUST ADVISORS LP,edgar/data/1125816/0001445546-25-001262.txt,113443656642
15,FIL Ltd,edgar/data/318989/0000315066-25-000949.txt,107040011658
16,CANADA PENSION PLAN INVESTMENT BOARD,edgar/data/1283718/0001104659-25-013032.txt,105026714714
17,STIFEL FINANCIAL CORP,edgar/data/720672/0000720672-25-000003.txt,96007230089
19,Russell Investments Group Ltd,edgar/data/1692234/0000950123-25-001908.txt,72394263737
20,Sanders Capital LLC,edgar/data/1508097/0001172661-25-000773.txt,68389928860
22,Mariner LLC,edgar/data/1373442/0001580642-25-000997.txt,59551780387
23,BANK OF NOVA SCOTIA,edgar/data/9631/0001085146-25-001186.txt,54451676345
24,PEAK6 LLC,edgar/data/1389958/0001389958-25-000006.txt,47637673993

26,Cerity Partners LLC,edgar/data/1566475/0001566475-25-000002.txt,46096092685
27,FEDERATED HERMES INC,edgar/data/1056288/0001623632-25-000197.txt,45656064585
28,KAYNE ANDERSON RUDNICK INVESTMENT MANAGEMENT LLC,edgar/data/1021223/0001398344-25-002726.txt,43052559331
29,Newport Trust Company LLC,edgar/data/1722329/0001172661-25-000741.txt,41272387095
30,Walleye Capital LLC,edgar/data/1758720/0001172661-25-000826.txt,40921265812
31,CAPITAL FUND MANAGEMENT S.A.,edgar/data/1323645/0001323645-25-000002.txt,39195575371
32,Rockefeller Capital Management L.P.,edgar/data/1739439/0001739439-25-000002.txt,38610010825
33,AVIVA PLC,edgar/data/1140022/0001140022-25-000002.txt,38501093649
34,APG Asset Management N.V.,edgar/data/1434819/0001434819-25-000002.txt,35903091375
35,EDGEWOOD MANAGEMENT LLC,edgar/data/860561/0001062993-25-002246.txt,34834960856
36,SANDS CAPITAL MANAGEMENT LLC,edgar/data/1020066/0001020066-25-000014.txt,33795783382
37,Grantham Mayo Van Otterloo & Co LLC,edgar/data/1352662/0001072613-25-000109.txt,30741684611
38,Winslow Capital Management LLC,edgar/data/900973/0000900973-25-000002.txt,28148258869
39,State of Tennessee Department of Treasury,edgar/data/1587973/0001587973-25-000001.txt,27553759078
41,PANAGORA ASSET MANAGEMENT INC,edgar/data/883677/0001172661-25-000751.txt,21636409666
42,Rathbones Group PLC,edgar/data/1351991/0001140361-25-004181.txt,20656248673
43,Epoch Investment Partners Inc,edgar/data/1305841/0001172661-25-000806.txt,20637175411
44,WASATCH ADVISORS LP,edgar/data/814133/0000814133-25-000029.txt,20199486829
45,PRUDENTIAL PLC,edgar/data/898419/0000898419-25-000001.txt,19882826580
46,SCOTIA CAPITAL INC,edgar/data/1335644/0001085146-25-001198.txt,18983243552
47,MetLife Investment Management LLC,edgar/data/1529735/0001628280-25-005399.txt,18429461977
48,Capula Management Ltd,edgar/data/1557017/0001172661-25-000727.txt,17188313203
49,"Resona Asset Management Co.,Ltd.",edgar/data/1944142/0001104659-25-012367.txt,16904301607
50,"NewEdge Advisors, LLC",edgar/data/1633516/0001213900-25-013610.txt,16641258727
51,NATIXIS,edgar/data/1274981/0001104659-25-012939.txt,16369059316
52,COMMERCE BANK,edgar/data/1009076/0001009076-25-000005.txt,16221807923
53,MENORA MIVTACHIM HOLDINGS LTD.,edgar/data/1351917/0001178913-25-000475.txt,15954854885
54,ALPS ADVISORS INC,edgar/data/1376113/0001398344-25-002624.txt,15845009584
55,Champlain Investment Partners, LLC,edgar/data/1315478/0001315478-25-000003.txt,15804194895
56,Longview Partners (Guernsey) LTD,edgar/data/1426092/0001085146-25-001334.txt,13390866040
57,Independent Franchise Partners LLP,edgar/data/1483866/0001172661-25-000776.txt,13321061176
58,GABELLI FUNDS LLC,edgar/data/1081407/0001140361-25-004328.txt,13315964909
59,APG Asset Management US Inc.,edgar/data/1323255/0001323255-25-000003.txt,13180930778
60,TD Waterhouse Canada Inc.,edgar/data/1999606/0001089355-25-000006.txt,12398202505
61,GUGGENHEIM CAPITAL LLC,edgar/data/1283072/0001283072-25-000001.txt,12335864567
62,"UNITED CAPITAL FINANCIAL ADVISORS, LLC",edgar/data/1463217/0001463217-25-000001.txt,11845880585
63,AE Wealth Management LLC,edgar/data/1697723/0001697723-25-000001.txt,11787939978
64,AKRE CAPITAL MANAGEMENT LLC,edgar/data/1112520/0001112520-25-000003.txt,11561087092
65,"Capital Group Private Client Services, Inc.",edgar/data/1857666/0001422848-25-000005.txt,10870028708
66,ZACKS INVESTMENT MANAGEMENT,edgar/data/1086483/0001172661-25-000838.txt,10802052341
67,FIDUCIARY MANAGEMENT INC /WI/,edgar/data/764532/0000764532-25-000002.txt,10717653894
68,VAN LANSCHOT KEMPEN INVESTMENT MANAGEMENT N.V.,edgar/data/1367401/0001367401-25-000001.txt,10055773629
69,"GAMCO INVESTORS, INC. ET AL",edgar/data/807249/0001140361-25-004330.txt,9549802086
70,TOWNSQUARE CAPITAL LLC,edgar/data/1761755/0001580642-25-000986.txt,8858094758
71,OneDigital Investment Advisors LLC,edgar/data/1690370/0001690370-25-000001.txt,8624076399
72,"Cullen Capital Management, LLC",edgar/data/1362535/0000950123-25-001885.txt,8585605190
73,"Capital International, Inc./CA/",edgar/data/895213/0001422848-25-000007.txt,8478608953
74,ONTARIO TEACHERS PENSION PLAN BOARD,edgar/data/937567/0001839882-25-008944.txt,8329139424
75,"Catterton Management Company, L.L.C.",edgar/data/1560123/0001973112-25-000003.txt,7978840288
76,SYNOVUS FINANCIAL CORP,edgar/data/18349/0001172661-25-000775.txt,7858109543
77,"TORTOISE CAPITAL ADVISORS, L.L.C.",edgar/data/1280965/0001280965-25-000002.txt,7810687095
78,"SUMITOMO MITSUI FINANCIAL GROUP, INC.",edgar/data/1022837/0000950123-25-001919.txt,7507450047
79,Phoenix Financial Ltd.,edgar/data/1679543/0001178913-25-000450.txt,7332163636
80,Sterling Capital Management LLC,edgar/data/1329883/0001398344-25-002700.txt,7298142997
81,Liontrust Investment Partners LLP,edgar/data/1544204/0001544204-25-000001.txt,6897597298
82,LYRICAL ASSET MANAGEMENT LP,edgar/data/1542302/0001062993-25-002244.txt,6764927491
83,"Advisors Capital Management, LLC",edgar/data/1345576/0001345576-25-000009.txt,6357293222
84,Carmignac Gestion,edgar/data/1569758/0000945621-25-000179.txt,6274983942
85,Aware Super Pty Ltd as trustee of Aware Super,edgar/data/2012816/0002012816-25-000005.txt,6269722395
86,COMGEST GLOBAL INVESTORS S.A.S.,edgar/data/1574947/0001172661-25-000767.txt,6103842501
87,Mondrian Investment Partners LTD,edgar/data/1317724/0001317724-25-000003.txt,6050200135
88,"Forum Financial Management, LP",edgar/data/1911832/0001911832-25-000002.txt,5929649881
89,OSSIAM,edgar/data/1767471/0001104659-25-012936.txt,5792460527
90,BECK MACK & OLIVER LLC,edgar/data/10742/0000010742-25-000002.txt,5403343712
91,"Advisory Services Network, LLC",edgar/data/1573876/0001573876-25-000005.txt,5367943832
92,"Clarkston Capital Partners, LLC",edgar/data/1562855/0001398344-25-002606.txt,5219202407
93,PGIM Custom Harvest LLC,edgar/data/1845793/0001137774-25-000038.txt,5117918748
94,Tower Research Capital LLC (TRC),edgar/data/1533421/0001533421-25-000001.txt,5039185221
95,Quadrature Capital Ltd,edgar/data/1651424/0001651424-25-000002.txt,4990823098
96,Ceredex Value Advisors LLC,edgar/data/1738726/0001319111-25-000005.txt,4955048908
97,"Fidelity National Financial, Inc.",edgar/data/1331875/0001331875-25-000006.txt,4951500520
98,"Jump Financial, LLC",edgar/data/1831577/0000905148-25-000551.txt,4789443777
99,"Norinchukin Bank, The",edgar/data/1496637/0000905148-25-000529.txt,4732026435
100,KENNEDY CAPITAL MANAGEMENT LLC,edgar/data/884589/0000884589-25-000002.txt,4502636287
101,CAUSEWAY CAPITAL MANAGEMENT LLC,edgar/data/1165797/0000943663-25-000047.txt,4391827075
102,"Curi RMB Capital, LLC",edgar/data/1332905/0001172661-25-000749.txt,4339809375
103,ADVENT CAPITAL MANAGEMENT /DE/,edgar/data/1097278/0001140361-25-004367.txt,4334826331
104,Capital International Sarl,edgar/data/1065349/0001422848-25-000009.txt,4332636054
105,Prospera Financial Services Inc,edgar/data/1541625/0001085146-25-001240.txt,4293378664
106,Meritage Group LP,edgar/data/1427119/0001427119-25-000002.txt,4194881937
107,Carlyle Group Inc.,edgar/data/1527166/0000898432-25-000122.txt,4149215001
108,MARTINGALE ASSET MANAGEMENT L P,edgar/data/936944/0000936944-25-000003.txt,4109582755
109,SHELTON CAPITAL MANAGEMENT,edgar/data/1002784/0001839882-25-008781.txt,4018086047
110,CAMDEN ASSET MANAGEMENT L P /CA,edgar/data/903944/0001104659-25-012648.txt,3790493517
111,"SAGESPRING WEALTH PARTNERS, LLC",edgar/data/2056425/0002056425-25-000001.txt,3787426931
112,MARSICO CAPITAL MANAGEMENT LLC,edgar/data/1055966/0001398344-25-002660.txt,3677219854
113,"Dai-ichi Life Insurance Company, Ltd",edgar/data/1697728/0000898432-25-000110.txt,3617325672
115,TIMUCUAN ASSET MANAGEMENT INC/FL,edgar/data/1034541/0001034541-25-000002.txt,3269156352
116,"CreativeOne Wealth, LLC",edgar/data/1739728/0001739728-25-000001.txt,3263537053
117,"Senvest Management, LLC",edgar/data/1328785/0001172661-25-000828.txt,3254127554
118,"NFJ INVESTMENT GROUP, LLC",edgar/data/1862664/0001319111-25-000003.txt,3114651087
119,Arizona PSPRS Trust,edgar/data/1565332/0001565332-25-000002.txt,3102241244
121,"Ameritas Investment Partners, Inc.",edgar/data/1055980/0001055980-25-000002.txt,3075340208
122,EVERGREEN CAPITAL MANAGEMENT LLC,edgar/data/1260824/0001172661-25-000819.txt,3072436178
123,"GeoWealth Management, LLC",edgar/data/1593387/0001593387-25-000002.txt,3058271543
124,Altshuler Shaham Ltd,edgar/data/1324290/0001213900-25-013585.txt,2947351928
125,"Oribel Capital Management, LP",edgar/data/1661140/0001661140-25-000001.txt,2933107873
126,"DRW Securities, LLC",edgar/data/1481986/0001481986-25-000033.txt,2921105091
127,KCM INVESTMENT ADVISORS LLC,edgar/data/1109228/0001941040-25-000147.txt,2900386506
128,"LOCUST WOOD CAPITAL ADVISERS, LLC",edgar/data/1349434/0001349434-25-000001.txt,2897566330
129,Giverny Capital Inc.,edgar/data/1641864/0001641864-25-000002.txt,2736075423
130,Baring Fintech Fund III Managers Ltd,edgar/data/2053281/0001104659-25-012651.txt,2732056562
131,"Systematic Alpha Investments, LLC",edgar/data/1806755/0001806755-25-000001.txt,2714546926
132,F/M Investments LLC,edgar/data/1834499/0001834499-25-000002.txt,2711765227
133,Clean Energy Transition LLP,edgar/data/1911523/0000902664-25-000920.txt,2671686067
134,FIRST FOUNDATION ADVISORS,edgar/data/1086763/0001086763-25-000003.txt,2657763449
135,Azimuth Capital Investment Management LLC,edgar/data/1942364/0001942364-25-000001.txt,2572828523
136,Texas Yale Capital Corp.,edgar/data/1332342/0001420506-25-000345.txt,2486893283
137,"Bragg Financial Advisors, Inc",edgar/data/1327055/0001062993-25-002281.txt,2469313842
138,Argent Trust Co,edgar/data/1625292/0001625292-25-000002.txt,2452917341
139,CAPITAL INTERNATIONAL LTD /CA/,edgar/data/1065350/0001422848-25-000008.txt,2451648601
140,Krane Funds Advisors LLC,edgar/data/1536592/0001536592-25-000003.txt,2443645191
141,"RGM Capital, LLC",edgar/data/1323953/0001323953-25-000003.txt,2420831281
142,RENAISSANCE GROUP LLC,edgar/data/944234/0000944234-25-000001.txt,2412489570
143,Silvant Capital Management LLC,edgar/data/1738728/0001319111-25-000007.txt,2408342823
144,"Merriman Wealth Management, LLC",edgar/data/1568389/0001765380-25-000101.txt,2402134034
145,LASALLE INVESTMENT MANAGEMENT SECURITIES LLC,edgar/data/1085601/0001085601-25-000002.txt,2366661796
146,"Sand Hill Global Advisors, LLC",edgar/data/1009209/0001580642-25-000976.txt,2362732307
147,Paralel Advisors LLC,edgar/data/1895911/0001895911-25-000001.txt,2344689925
148,CAPITAL COUNSEL LLC/NY,edgar/data/1114928/0001114928-25-000002.txt,2339558254
149,"SageView Advisory Group, LLC",edgar/data/1914558/0001172661-25-000782.txt,2323341641
150,"Granite Investment Partners, LLC",edgar/data/1542266/0001398344-25-002698.txt,2312848458
151,"Applied Finance Capital Management, LLC",edgar/data/1966007/0001398344-25-002620.txt,2300852848
152,Thematics Asset Management,edgar/data/1956031/0001104659-25-012944.txt,2291752493
153,First Western Trust Bank,edgar/data/1513189/0001513189-25-000009.txt,2165208544
154,"Matrix Capital Management Company, LP",edgar/data/1410830/0001172661-25-000832.txt,2151311219
155,Black Creek Investment Management Inc.,edgar/data/1528593/0001821268-25-000067.txt,2114457545
156,Bristol Gate Capital Partners Inc.,edgar/data/1650142/0001062993-25-002258.txt,2053952197
157,Distillate Capital Partners LLC,edgar/data/1741001/0001741001-25-000002.txt,2035187010
158,"Long Pond Capital, LP",edgar/data/1499066/0001172661-25-000845.txt,1971308345
159,BLACKHILL CAPITAL INC,edgar/data/872162/0000872162-25-000002.txt,1929871705
160,Linonia Partnership LP,edgar/data/1985479/0001493152-25-006476.txt,1900833646
161,BANK OF HAWAII,edgar/data/315080/0000315080-25-000001.txt,1806555788
162,Trajan Wealth LLC,edgar/data/1934415/0001934415-25-000002.txt,1806050222
163,MASSACHUSETTS MUTUAL LIFE INSURANCE CO,edgar/data/225602/0000225602-25-000003.txt,1786659046
165,"CONCOURSE FINANCIAL GROUP SECURITIES, INC.",edgar/data/752798/0000752798-25-000001.txt,1768685702
166,Unigestion Holding SA,edgar/data/1745879/0001745879-25-000001.txt,1737305301
167,Baring Fintech Manager Holding Ltd,edgar/data/2053290/0001104659-25-012661.txt,1709690808
168,Accredited Investors Inc.,edgar/data/1518364/0001518364-25-000003.txt,1706396670
169,"Kensington Asset Management, LLC",edgar/data/1979884/0001979884-25-000001.txt,1706108876
170,Canada Post Corp Registered Pension Plan,edgar/data/1991835/0001991835-25-000001.txt,1692819850
171,BARR E S & CO,edgar/data/1040210/0001040210-25-000002.txt,1690567547
172,"Investure, LLC",edgar/data/1476993/0001398344-25-002739.txt,1689331203
173,CenterBook Partners LP,edgar/data/1872738/0000902664-25-000921.txt,1673926660
174,Belpointe Asset Management LLC,edgar/data/1721242/0001721242-25-000002.txt,1660153042
175,Arvest Bank Trust Division,edgar/data/1625959/0001625959-25-000001.txt,1659179764
176,Finepoint Capital LP,edgar/data/1608126/0000904454-25-000119.txt,1637498342
177,"Ranger Investment Management, L.P.",edgar/data/1319691/0001319691-25-000001.txt,1583874633
178,EDGAR LOMAX CO/VA,edgar/data/1013538/0001013538-25-000002.txt,1551510199
180,Cerity Partners OCIO LLC,edgar/data/1519611/0001566475-25-000004.txt,1508198612
181,"Portolan Capital Management, LLC",edgar/data/1350290/0001104659-25-012988.txt,1486775936
182,Quinn Opportunity Partners LLC,edgar/data/1633275/0001633275-25-000003.txt,1483131735
183,Cadence Bank,edgar/data/1299939/0000950123-25-002025.txt,1476056866
184,Elm Partners Management LLC,edgar/data/1743941/0001172661-25-000783.txt,1464294220
185,QUADRANT CAPITAL GROUP LLC,edgar/data/1650717/0001650717-25-000001.txt,1452606172
186,GREENWOOD GEARHART INC,edgar/data/1084683/0001084683-25-000002.txt,1450195298
187,OAK ASSOCIATES LTD /OH/,edgar/data/836372/0000950123-25-001955.txt,1449903411
188,HIMENSION CAPITAL (SINGAPORE) PTE. LTD.,edgar/data/1817652/0001817652-25-000002.txt,1443173779
189,"Wolf Hill Capital Management, LP",edgar/data/1785988/0001085146-25-001311.txt,1392583608
190,"Jaffetilchin Investment Partners, LLC",edgar/data/1404652/0001404652-25-000001.txt,1381128417
191,"Hikari Tsushin, Inc.",edgar/data/1423673/0001423673-25-000001.txt,1377482039
193,HITE Hedge Asset Management LLC,edgar/data/1568939/0001062993-25-002301.txt,1368022683
194,Blue Whale Capital LLP,edgar/data/1801547/0001801547-25-000001.txt,1346311942
195,TRUSTMARK NATIONAL BANK TRUST DEPARTMENT,edgar/data/861176/0001140361-25-004218.txt,1345911239
196,"Voss Capital, LP",edgar/data/1730145/0001214659-25-002550.txt,1345319770
197,"Trek Financial, LLC",edgar/data/1768195/0001104659-25-012598.txt,1339110206
198,NEXT CENTURY GROWTH INVESTORS LLC,edgar/data/1134007/0001134007-25-000002.txt,1334579381
199,Regal Investment Advisors LLC,edgar/data/1559789/0001559789-25-000001.txt,1330503639
200,Maren Capital LLC,edgar/data/1961415/0001941040-25-000150.txt,1308913639
201,"Mesirow Institutional Investment Management, Inc.",edgar/data/1947591/0001947591-25-000002.txt,1299904834
202,Natixis Investment Managers International,edgar/data/1166767/0001104659-25-012945.txt,1293026756
203,DNCA FINANCE,edgar/data/1752759/0001104659-25-012925.txt,1284563057
204,"FOSTER DYKEMA CABOT & PARTNERS, LLC",edgar/data/2011882/0001759354-25-000001.txt,1282923513
205,"Executive Wealth Management, LLC",edgar/data/1542611/0001964047-25-000002.txt,1277280482
206,Sandhill Capital Partners LLC,edgar/data/1556245/0001556245-25-000001.txt,1275597981
207,"NFP Retirement, Inc.",edgar/data/2040084/0001085146-25-001289.txt,1266542560
208,"Sepio Capital, LP",edgar/data/1751412/0001172661-25-000722.txt,1249609259
209,"1607 Capital Partners, LLC",edgar/data/1436866/0001172661-25-000817.txt,1244621820
210,"NFP Retirement, Inc.",edgar/data/2040084/0001085146-25-001288.txt,1235324652
211,Hemenway Trust Co LLC,edgar/data/1494234/0001494234-25-000002.txt,1232998092
212,Strategy Capital LLC,edgar/data/1592413/0001104659-25-012724.txt,1229095975
214,"CAHABA WEALTH MANAGEMENT, INC.",edgar/data/1716399/0001172661-25-000836.txt,1208450779
215,"Freedom Investment Management, Inc.",edgar/data/1566653/0001062993-25-002306.txt,1203277393
216,Gladstone Capital Management LLP,edgar/data/1353394/0001353394-25-000001.txt,1200392618
217,"NFP Retirement, Inc.",edgar/data/2040084/0001085146-25-001287.txt,1193464628
218,Board of Trustees of The Leland Stanford Junior University,edgar/data/1315828/0001062993-25-002278.txt,1170549596
219,"NFP Retirement, Inc.",edgar/data/2040084/0001085146-25-001286.txt,1160387243
220,OSTRUM ASSET MANAGEMENT,edgar/data/1767945/0001104659-25-012937.txt,1154635323
221,Ally Invest Advisors Inc.,edgar/data/1706013/0001706013-25-000002.txt,1154187513
222,"HAP Trading, LLC",edgar/data/1484972/0001085146-25-001310.txt,1153266587
223,"Tradition Wealth Management, LLC",edgar/data/1843010/0001843010-25-000001.txt,1135077576
224,Colonial Trust Advisors,edgar/data/1567993/0001398344-25-002651.txt,1128282885
225,"Grandeur Peak Global Advisors, LLC",edgar/data/1569137/0001569137-25-000002.txt,1127295579
226,MIRABELLA FINANCIAL SERVICES LLP,edgar/data/1538853/0001172661-25-000795.txt,1096127155
227,"RWWM, Inc.",edgar/data/1507683/0001085146-25-001258.txt,1094659756
228,"SMITH, MOORE & CO.",edgar/data/200724/0000200724-25-000002.txt,1094196681
229,Forest Avenue Capital Management LP,edgar/data/1944889/0001944889-25-000002.txt,1093288526
230,"Anchor Investment Management, LLC",edgar/data/1634149/0001634149-25-000001.txt,1071723876
231,CENTRAL SECURITIES CORP,edgar/data/18748/0001006975-25-000005.txt,1047059520
232,"Zuckerman Investment Group, LLC",edgar/data/1423296/0001423296-25-000001.txt,1041627177
233,ZAZOVE ASSOCIATES LLC,edgar/data/1009012/0001420506-25-000348.txt,1038594931
234,"TAURUS ASSET MANAGEMENT, LLC",edgar/data/1317209/0001172661-25-000781.txt,1027827068
235,Keystone Financial Group,edgar/data/1729299/0001765380-25-000102.txt,1016779184
236,"Main Street Financial Solutions, LLC",edgar/data/1763350/0001085146-25-001341.txt,1014811217
237,"TCM Advisors, LLC",edgar/data/1911491/0001085146-25-001254.txt,1011721354
238,"SoftVest Advisors, LLC",edgar/data/1803391/0001420506-25-000390.txt,993392049
239,"WADDELL & ASSOCIATES, LLC",edgar/data/1776757/0001765380-25-000097.txt,980987876
240,Texas Capital Bank Wealth Management Services Inc,edgar/data/1802655/0001802655-25-000002.txt,977870801
241,AVENIR CORP,edgar/data/1033475/0001033475-25-000003.txt,976812200
242,SCHWERIN BOYLE CAPITAL MANAGEMENT INC,edgar/data/937522/0001376474-25-000206.txt,974917402
243,Rhenman & Partners Asset Management AB,edgar/data/1599882/0001213900-25-013150.txt,972945612
244,"MIG Capital, LLC",edgar/data/1425649/0001104659-25-012479.txt,970877311
245,"INSIGNEO ADVISORY SERVICES, LLC",edgar/data/1964958/0001964958-25-000001.txt,968317470
246,BTG Pactual Asset Management US LLC,edgar/data/1569579/0001085146-25-001265.txt,963205632
247,"Wellspring Financial Advisors, LLC",edgar/data/1811308/0001104659-25-012607.txt,957119480
248,"GERMAN AMERICAN BANCORP, INC.",edgar/data/714395/0000714395-25-000009.txt,955041832
249,12 West Capital Management LP,edgar/data/1540531/0001540531-25-000002.txt,954595438
250,"Cornerstone Capital, Inc.",edgar/data/819535/0001172661-25-000791.txt,949845023
251,"Waterloo Capital, L.P.",edgar/data/1730942/0001104659-25-012588.txt,948909714
252,BANK OF NOVA SCOTIA TRUST CO,edgar/data/1335382/0001085146-25-001194.txt,947291180
253,Soundwatch Capital LLC,edgar/data/1803253/0001214659-25-002524.txt,945728833
254,Atika Capital Management LLC,edgar/data/1599731/0001214659-25-002515.txt,941398003
255,"Kopernik Global Investors, LLC",edgar/data/1599814/0001599814-25-000002.txt,935407001
256,WATER ISLAND CAPITAL LLC,edgar/data/1222765/0001222765-25-000004.txt,925684599
257,"Miller Investment Management, LP",edgar/data/1407382/0001407382-25-000003.txt,913600825
258,TWIN CAPITAL MANAGEMENT INC,edgar/data/1059187/0001059187-25-000002.txt,913169560
259,BANC FUNDS CO LLC,edgar/data/1029311/0001029311-25-000004.txt,906585450
260,PROSPECTOR PARTNERS LLC,edgar/data/1080380/0001398344-25-002611.txt,901334283
261,"Vivo Capital, LLC",edgar/data/1674712/0001213900-25-013306.txt,892616564
262,"TITLEIST ASSET MANAGEMENT, LLC",edgar/data/1977759/0001104659-25-012581.txt,872706894
263,"Trigran Investments, Inc.",edgar/data/1336800/0001062993-25-002307.txt,869547500
264,"Keeley-Teton Advisors, LLC",edgar/data/1700530/0001140361-25-004329.txt,861623400
265,QUEST INVESTMENT MANAGEMENT LLC,edgar/data/1036248/0001036248-25-000002.txt,861379244
266,Coastline Trust Co,edgar/data/1324279/0001062993-25-002286.txt,854110368
267,Heritage Trust Co,edgar/data/1706028/0001706028-25-000002.txt,849337350
268,"Perennial Investment Advisors, LLC",edgar/data/1801523/0001941040-25-000138.txt,849036840
269,Sunriver Management LLC,edgar/data/1663900/0001892688-25-000083.txt,835717033
270,"Savvy Advisors, Inc.",edgar/data/2003633/0002003633-25-000002.txt,828979385
271,TRUE Private Wealth Advisors,edgar/data/1667074/0001172661-25-000732.txt,823798681
272,Ally Financial Inc.,edgar/data/40729/0000040729-25-000002.txt,819988752
273,"Southeast Asset Advisors, LLC",edgar/data/1390003/0001104659-25-012627.txt,815115021
274,FIDUCIENT ADVISORS LLC,edgar/data/1729866/0001172661-25-000779.txt,809850395
275,Rossmore Private Capital,edgar/data/1733082/0001062993-25-002262.txt,808869308
276,"Strategies Wealth Advisors, LLC",edgar/data/1976435/0000905729-25-000031.txt,803168228
277,BRANT POINT INVESTMENT MANAGEMENT LLC,edgar/data/1279030/0001213900-25-013460.txt,802497949
278,"Trivium Point Advisory, LLC",edgar/data/1766564/0001951757-25-000252.txt,792080164
279,"Global Endowment Management, LP",edgar/data/1512237/0001085146-25-001331.txt,781761768
280,Keystone Financial Group,edgar/data/1729299/0001765380-25-000104.txt,774594940
281,Abacus FCF Advisors LLC,edgar/data/1604903/0000894189-25-000982.txt,759737416
282,"North Peak Capital Management, LLC",edgar/data/1747888/0001213900-25-013235.txt,754948376
283,ShawSpring Partners LLC,edgar/data/1766908/0001172661-25-000839.txt,754917856
284,River Wealth Advisors LLC,edgar/data/1642570/0001642570-25-000004.txt,754446168
285,2Xideas AG,edgar/data/1843587/0001420506-25-000330.txt,746633713
286,ACK Asset Management LLC,edgar/data/1510940/0000899140-25-000241.txt,746424192
287,"Affinity Asset Advisors, LLC",edgar/data/1773195/0001839882-25-008942.txt,746014464
288,Qtron Investments LLC,edgar/data/1768099/0001172661-25-000756.txt,712110186
289,Iron Gate Global Advisors LLC,edgar/data/1131181/0001085146-25-001344.txt,708894123
290,"EAM Investors, LLC",edgar/data/1510989/0001104659-25-013038.txt,705820001
291,"Per Stirling Capital Management, LLC.",edgar/data/1689933/0001689933-25-000002.txt,704786042
292,"DEAN INVESTMENT ASSOCIATES, LLC",edgar/data/846797/0000846797-25-000001.txt,701652768
293,Covalis Capital LLP,edgar/data/1698819/0001172661-25-000798.txt,684229735
294,SILVERBACK ASSET MANAGEMENT LLC,edgar/data/1278960/0001398344-25-002704.txt,682170195
295,De Lisle Partners LLP,edgar/data/2011184/0002011184-25-000005.txt,682061286
296,Shannon River Fund Management LLC,edgar/data/1301050/0001013594-25-000260.txt,677643703
297,"TWIN FOCUS CAPITAL PARTNERS, LLC",edgar/data/1387761/0001172661-25-000846.txt,676631052
298,CDAM (UK) Ltd,edgar/data/1719387/0001719387-25-000005.txt,666439551
299,"Waterfall Asset Management, LLC",edgar/data/1570717/0000905148-25-000532.txt,662042153
300,TITAN GLOBAL CAPITAL MANAGEMENT USA LLC,edgar/data/1845930/0001062993-25-002266.txt,659258879
301,Warberg Asset Management LLC,edgar/data/1597506/0001597506-25-000001.txt,655528815
302,Estabrook Capital Management,edgar/data/1344717/0001344717-25-000002.txt,648627727
303,MCMORGAN & CO LLC,edgar/data/1162695/0001162695-25-000001.txt,646526224
304,"Rollins Financial Advisors, LLC",edgar/data/1884018/0001765380-25-000096.txt,640253523
305,"Blue Edge Capital, LLC",edgar/data/1599620/0001599620-25-000001.txt,635757860
306,Greenland Capital Management LP,edgar/data/1896430/0001896430-25-000002.txt,626064777
307,"Greenhaven Road Investment Management, L.P.",edgar/data/1741129/0001420506-25-000362.txt,625179108
308,"Gratus Wealth Advisors, LLC",edgar/data/2022161/0001398344-25-002733.txt,624887033
309,Dynamic Technology Lab Private Ltd,edgar/data/1535387/0001535387-25-000002.txt,622145000
310,Vision Capital Corp,edgar/data/1764403/0001764403-25-000001.txt,618896822
311,"Belmont Capital, LLC",edgar/data/1793367/0001793367-25-000001.txt,614723665
312,Herald Investment Management Ltd,edgar/data/1512022/0001512022-25-000002.txt,610912330
313,"Legacy Financial Advisors, Inc.",edgar/data/1730810/0001765380-25-000099.txt,604870180
314,ADVISORY RESEARCH INC,edgar/data/902584/0001085146-25-001329.txt,601664765
316,SOMERVILLE KURT F,edgar/data/1215208/0001494234-25-000005.txt,595536637
317,"Intrua Financial, LLC",edgar/data/1812792/0001085146-25-001236.txt,591248307
318,"NFP Retirement, Inc.",edgar/data/2040084/0001085146-25-001285.txt,590759275
319,"Faithward Advisors, LLC",edgar/data/1695078/0001398344-25-002626.txt,587318061
320,"Peninsula Wealth, LLC",edgar/data/1600052/0001085146-25-001267.txt,586682477
321,"GABELLI & Co INVESTMENT ADVISERS, INC.",edgar/data/932724/0001140361-25-004332.txt,586245087
322,"JBF Capital, Inc.",edgar/data/1483864/0000935836-25-000139.txt,584746833
323,MIROVA,edgar/data/1767843/0001104659-25-012934.txt,579516713
324,Polymer Capital Management (HK) LTD,edgar/data/1970465/0001970465-25-000004.txt,576735500
325,"OARSMAN CAPITAL, INC.",edgar/data/1569667/0001569667-25-000001.txt,574038573
326,DOW CHEMICAL CO /DE/,edgar/data/29915/0000950123-25-002026.txt,571136208
327,Pinpoint Asset Management Ltd,edgar/data/1803237/0001803237-25-000001.txt,564192555
328,EAM Global Investors LLC,edgar/data/1741619/0001104659-25-013045.txt,557380512
329,"Kelman-Lazarov, Inc.",edgar/data/1672067/0001398344-25-002653.txt,555516033
330,FRG Family Wealth Advisors LLC,edgar/data/1893327/0001893327-25-000001.txt,550894041
331,Bell Asset Management Ltd,edgar/data/1681004/0001012975-25-000079.txt,549105008
332,"NFP Retirement, Inc.",edgar/data/2040084/0001085146-25-001283.txt,536191170
333,CacheTech Inc.,edgar/data/2013390/0001803084-25-000002.txt,533355134
334,Capital Group Investment Management Pte. Ltd.,edgar/data/1939970/0001422848-25-000004.txt,526376383
335,"Madrone Advisors, LLC",edgar/data/1964563/0001104659-25-012956.txt,524762488
336,"NFP Retirement, Inc.",edgar/data/2040084/0001085146-25-001284.txt,523533559
337,"Columbus Hill Capital Management, L.P.",edgar/data/1384982/0000950123-25-001878.txt,523281054
338,Adams Wealth Management,edgar/data/1803084/0001803084-25-000001.txt,522876122
339,JB CAPITAL PARTNERS LP,edgar/data/1138532/0001213900-25-013090.txt,522338169
340,THIRD AVENUE MANAGEMENT LLC,edgar/data/1099281/0001099281-25-000002.txt,516829909
341,Act Two Investors LLC,edgar/data/1766907/0001214659-25-002538.txt,513464058
342,Fourthstone LLC,edgar/data/1767803/0001420506-25-000394.txt,512063655
343,"Summit Financial Wealth Advisors, LLC",edgar/data/1632283/0001172661-25-000740.txt,511308420
344,Broderick Brian C,edgar/data/1314376/0001494234-25-000003.txt,509912742
345,"NFP Retirement, Inc.",edgar/data/2040084/0001085146-25-001281.txt,502503496
346,"ADAR1 Capital Management, LLC",edgar/data/1940272/0001940272-25-000001.txt,500371182
347,SIERRA SUMMIT ADVISORS LLC,edgar/data/2012614/0001104659-25-012601.txt,497914398
348,"TOBIAS FINANCIAL ADVISORS, INC.",edgar/data/1802080/0001172661-25-000818.txt,497438430
349,KPS Global Asset Management UK Ltd,edgar/data/1799162/0001172661-25-000746.txt,493918599
350,"Security Financial Services, INC.",edgar/data/1913590/0001172661-25-000744.txt,491122748
351,WPWealth LLP,edgar/data/1950118/0001950118-25-000001.txt,489408791
352,Aristides Capital LLC,edgar/data/1595521/0001595521-25-000002.txt,488188853
353,CANNELL CAPITAL LLC,edgar/data/1058854/0001941040-25-000151.txt,487327114
354,"Callodine Capital Management, LP",edgar/data/1741675/0001085146-25-001309.txt,484299918
355,Steadview Capital Management LLC,edgar/data/1844008/0000945621-25-000181.txt,483393012
356,Gemsstock Ltd.,edgar/data/1724140/0001724140-25-000003.txt,483185066
357,Mountain Capital Investment Advisors Inc.,edgar/data/1714506/0001951757-25-000250.txt,482988886
358,"Lafayette Investments, Inc.",edgar/data/1308377/0001308377-25-000001.txt,474346571
359,"MONTAG & CALDWELL, LLC",edgar/data/67698/0001062993-25-002311.txt,468700003
360,"Lafayette Investments, Inc.",edgar/data/1308377/0001308377-25-000002.txt,466563898
361,"Sands Capital Ventures, LLC",edgar/data/1846444/0001020066-25-000015.txt,459728730
362,"NFP Retirement, Inc.",edgar/data/2040084/0001085146-25-001280.txt,455332169
363,Employees Retirement System of Texas,edgar/data/1398739/0001398739-25-000004.txt,444803438
364,ICON ADVISERS INC/CO,edgar/data/1058470/0001058470-25-000001.txt,444005754
365,Pale Fire Capital SE,edgar/data/1922318/0000921895-25-000399.txt,440750346
366,Morgan Stanley Institutional Investment Advisors LLC,edgar/data/2026079/0002026079-25-000001.txt,436809734
367,DYMON ASIA CAPITAL (SINGAPORE) PTE. LTD.,edgar/data/1672142/0001172661-25-000760.txt,433982677
368,"Essex Woodlands Management, Inc.",edgar/data/1542339/0000908834-25-000074.txt,433218148
369,Rudius Management LP,edgar/data/1835407/0001835407-25-000001.txt,429970476
370,KELLY LAWRENCE W & ASSOCIATES INC/CA,edgar/data/920441/0000920441-25-000002.txt,428691726
371,"Broadleaf Partners, LLC",edgar/data/1712686/0000950123-25-001974.txt,428097640
372,"Stamos Capital Partners, L.P.",edgar/data/1705399/0001172661-25-000774.txt,426124648
373,"Rather & Kittrell, Inc.",edgar/data/1582112/0001172661-25-000847.txt,425406732
374,Virtus Wealth Solutions LLC,edgar/data/2045870/0001085146-25-001261.txt,424444670
375,FIRST COMMONWEALTH FINANCIAL CORP /PA/,edgar/data/712537/0000712537-25-000056.txt,424008725
376,NICOLET BANKSHARES INC,edgar/data/1174850/0001174850-25-000004.txt,423830428
377,"NFP Retirement, Inc.",edgar/data/2040084/0001085146-25-001277.txt,422430224
378,Gallatin Point Capital LLC,edgar/data/1708030/0000950123-25-002029.txt,418134323
379,"Arista Wealth Management, LLC",edgar/data/1964758/0001667731-25-000255.txt,417097150
380,Elgethun Capital Management,edgar/data/1638022/0001420506-25-000343.txt,411951718
381,"SR ONE CAPITAL MANAGEMENT, LP",edgar/data/1910264/0000950123-25-002049.txt,410084894
382,"Wealth Dimensions Group, Ltd.",edgar/data/1846462/0001846462-25-000001.txt,408266989
383,"NFP Retirement, Inc.",edgar/data/2040084/0001085146-25-001279.txt,405987272
384,Charles-Lim Capital Ltd,edgar/data/1634255/0001634255-25-000002.txt,399255688
385,ROSENBLUM SILVERMAN SUTTON S F INC /CA,edgar/data/918893/0000918893-25-000002.txt,398058039
386,PIONEER TRUST BANK N A/OR,edgar/data/1006435/0001006435-25-000002.txt,397390483
387,MYDA Advisors LLC,edgar/data/1589689/0001214659-25-002560.txt,396895075
388,"NFP Retirement, Inc.",edgar/data/2040084/0001085146-25-001278.txt,394569443
389,"Stone House Investment Management, LLC",edgar/data/1696497/0001696497-25-000001.txt,393533131
390,"Roof Eidam Maycock Peralta, LLC",edgar/data/1028874/0001172661-25-000752.txt,387410494

392,KRYGER CAPITAL Ltd,edgar/data/1911807/0001614542-25-000001.txt,385607452
393,MONETARY MANAGEMENT GROUP INC,edgar/data/1133014/0001214659-25-002536.txt,384847022
394,Groupe Bruxelles Lambert,edgar/data/1179313/0000950123-25-001790.txt,379636571
395,Coleford Investment Management Ltd.,edgar/data/1939136/0001062993-25-002335.txt,378939036
396,"Multicoin Capital Management, LLC",edgar/data/2017172/0002017172-25-000002.txt,374043018
397,Marcho Partners LLP,edgar/data/1782974/0001782974-25-000001.txt,372404402
398,"Shakespeare Wealth Management, LLC",edgar/data/1658509/0001104659-25-012625.txt,370884190
399,"Manhattan West Asset Management, LLC",edgar/data/1904770/0001420506-25-000367.txt,370410735
400,Polymer Capital Management (US) LLC,edgar/data/1973324/0001420506-25-000335.txt,369934431
401,THAMES CAPITAL MANAGEMENT LLC,edgar/data/1714267/0001714267-25-000002.txt,368927713
402,Tikvah Management LLC,edgar/data/1606477/0000919574-25-001027.txt,367153477
403,"Hanlon Investment Management, Inc.",edgar/data/1511739/0001511739-25-000001.txt,366478861
404,Paulson Wealth Management Inc.,edgar/data/1731878/0001172661-25-000735.txt,366460160
405,"Value Aligned Research Advisors, LLC",edgar/data/1963565/0001085146-25-001262.txt,365768389
406,"Lodge Hill Capital, LLC",edgar/data/1598245/0001085146-25-001332.txt,362722180
407,SEAVIEW INVESTMENT MANAGERS LLC,edgar/data/1832158/0001832158-25-000001.txt,361532167
408,Gavilan Investment Partners LLC,edgar/data/1963404/0001398344-25-002607.txt,360570694
409,Ripple Effect Asset Management LP,edgar/data/2031590/0000902664-25-000932.txt,360266287
410,LTS One Management LP,edgar/data/1894188/0001894188-25-000003.txt,358648276
411,"Mizuho Bank, Ltd.",edgar/data/1512734/0000950123-25-001894.txt,358134591
412,PUZO MICHAEL J,edgar/data/1053914/0001494234-25-000004.txt,357702029
413,BARCLAYS PLC,edgar/data/312069/0000312069-25-000112.txt,356857930
414,Ritter Daniher Financial Advisory LLC / DE,edgar/data/1936603/0001855205-25-000016.txt,354200129
415,Alpine Investment Management Ltd,edgar/data/1964631/0001964631-25-000002.txt,353593006
416,Altium Capital Management LLC,edgar/data/1746382/0001420506-25-000357.txt,352567364
417,"Harspring Capital Management, LLC",edgar/data/1652327/0001652327-25-000003.txt,351761531
418,SEEDS INVESTOR LLC,edgar/data/2021047/0001085146-25-001257.txt,350968308
419,Nine Ten Capital Management LLC,edgar/data/1635236/0001420506-25-000369.txt,350323000
420,"Kraft, Davis & Associates, LLC",edgar/data/1919438/0001085146-25-001214.txt,350258020
421,Horiko Capital Management LLC,edgar/data/1762718/0001754960-25-000140.txt,346233767
422,"Rock Point Advisors, LLC",edgar/data/1301540/0001301540-25-000001.txt,343048247
423,CIM INVESTMENT MANAGEMENT INC,edgar/data/1179791/0001062993-25-002276.txt,341595853
424,Hel Ved Capital Management Ltd,edgar/data/1840129/0001840129-25-000002.txt,341547093
425,"Goodman Advisory Group, LLC",edgar/data/1864123/0001864123-25-000001.txt,339012297
426,Garden State Investment Advisory Services LLC,edgar/data/1965351/0001172661-25-000837.txt,336000079
427,WealthTrust Axiom LLC,edgar/data/1425949/0001085146-25-001260.txt,335596236
428,HARBER ASSET MANAGEMENT LLC,edgar/data/1387921/0000897069-25-000225.txt,333696016
429,Kidder Stephen W,edgar/data/1314377/0001494234-25-000006.txt,332300661
430,MUHLENKAMP & CO INC,edgar/data/1133219/0001133219-25-000001.txt,329469156

432,"Aquire Wealth Advisors, LLC",edgar/data/1745945/0001172661-25-000757.txt,322920992
433,"Nixon Capital, LLC",edgar/data/1846352/0001941040-25-000149.txt,322535347
434,"Hurlow Wealth Management Group, Inc.",edgar/data/1747749/0001747749-25-000003.txt,320195208
435,MSH Capital Advisors LLC,edgar/data/2056306/0001420506-25-000392.txt,317617114
436,"Ruedi Wealth Management, Inc.",edgar/data/1940678/0002046822-25-000002.txt,316792052
437,"CLOVERFIELDS CAPITAL GROUP, LP",edgar/data/1819581/0001819581-25-000001.txt,311046020
438,WINMILL & CO. INC,edgar/data/52234/0000892712-25-000034.txt,308981217
439,"REGIMEN WEALTH, LLC",edgar/data/1963863/0001765380-25-000103.txt,306199010
440,CM WEALTH ADVISORS LLC,edgar/data/1764581/0001764581-25-000001.txt,305861043
441,Glass Jacobson Investment Advisors llc,edgar/data/1964394/0001964394-25-000001.txt,304542950
442,ArchPoint Investors,edgar/data/1483472/0001420506-25-000333.txt,304427181
443,"DAGCO, INC.",edgar/data/1767343/0001767343-25-000001.txt,301898265
444,EnRich Financial Partners LLC,edgar/data/1955091/0001955091-25-000004.txt,300277614
445,"Chiron Investment Management, LLC",edgar/data/1688882/0001688882-25-000001.txt,300271057
446,"Strategic Investment Solutions, Inc. /IL",edgar/data/1960144/0001062993-25-002339.txt,298924666
447,EVR Research LP,edgar/data/1843019/0001963212-25-000001.txt,298564205
448,Generali Powszechne Towarzystwo Emerytalne,edgar/data/2042955/0002042955-25-000025.txt,297987472
449,"DG Capital Management, LLC",edgar/data/1512716/0001493152-25-006284.txt,297769122
450,"AllGen Financial Advisors, Inc.",edgar/data/1964809/0001705819-25-000022.txt,297765047
451,FORMULA GROWTH LTD,edgar/data/1093219/0001011438-25-000114.txt,295362087
452,"Transce3nd, LLC",edgar/data/2023570/0002023570-25-000001.txt,295346400
453,"CONTRARIAN CAPITAL MANAGEMENT, L.L.C.",edgar/data/1050417/0000919574-25-001121.txt,295300109
454,EVEXIA WEALTH LLC,edgar/data/1975710/0001951757-25-000249.txt,295125341
455,"New Mountain Capital, L.L.C.",edgar/data/1407718/0001172661-25-000797.txt,294980000
456,"Stenger Family Office, LLC",edgar/data/2056106/0001221073-25-000034.txt,294167360
457,"TRV GP V, LLC",edgar/data/1990717/0000950123-25-002037.txt,293966722
458,"Vectors Research Management, LLC",edgar/data/1750557/0001667731-25-000252.txt,293537730
459,"Rench Wealth Management, Inc.",edgar/data/1599016/0001599016-25-000001.txt,293189031
460,"Fortis Capital Advisors, LLC",edgar/data/1959790/0001959790-25-000002.txt,292652418
461,CONTINENTAL GRAIN CO,edgar/data/929607/0000950142-25-000346.txt,292376160
462,Operose Advisors LLC,edgar/data/1909750/0001909750-25-000002.txt,292319600
463,ELEVATUS WELATH MANAGEMENT,edgar/data/1982776/0001982776-25-000001.txt,292262650
464,"3Chopt Investment Partners, LLC",edgar/data/1978521/0001213900-25-013391.txt,291163454
465,TAKEDA PHARMACEUTICAL CO LTD,edgar/data/1395064/0001395064-25-000026.txt,289040735
466,"Fernwood Investment Management, LLC",edgar/data/1570296/0001570296-25-000002.txt,287569337
467,"Cutler Capital Management, LLC",edgar/data/1353098/0001353098-25-000001.txt,287198038
469,Concentrum Wealth Management,edgar/data/1765387/0001765380-25-000094.txt,284307221
470,Diana Davis Spencer Foundation,edgar/data/1633391/0001398344-25-002656.txt,283442418
471,"Promethos Capital, LLC",edgar/data/1908619/0001398344-25-002730.txt,283264078
472,First Washington CORP,edgar/data/1390043/0001390043-25-000001.txt,282901401
473,Mount Capital Ltd,edgar/data/1896379/0001896379-25-000003.txt,281909900
474,"Leeward Financial Partners, LLC",edgar/data/1735201/0001941040-25-000141.txt,280386036
475,"NFP Retirement, Inc.",edgar/data/2040084/0001085146-25-001276.txt,279496316
476,"BOS Asset Management, LLC",edgar/data/1965814/0001965814-25-000002.txt,279231251
477,Westwood Wealth Management,edgar/data/1861125/0001172661-25-000721.txt,276832470
478,Anchor Capital Management Group Inc,edgar/data/894119/0000894119-25-000002.txt,276124757
479,"Yakira Capital Management, Inc.",edgar/data/1584639/0001420506-25-000328.txt,275751029
480,Moerus Capital Management LLC,edgar/data/1742647/0001398344-25-002605.txt,273995655
481,"First Citizens Asset Management, Inc.",edgar/data/1964116/0001667731-25-000256.txt,272899359
482,Blue Investment Partners LLC,edgar/data/1958029/0001754960-25-000139.txt,272478162
483,"IronBridge Private Wealth, LLC",edgar/data/1850996/0001172661-25-000794.txt,272383631
484,"EMERGENCE GP PARTNERS, LLC",edgar/data/1589115/0000950123-25-002057.txt,271136026
485,CONTINENTAL GENERAL INSURANCE CO,edgar/data/24046/0000921895-25-000374.txt,270622899
486,"Quaker Capital Investments, LLC",edgar/data/1633648/0000919574-25-001130.txt,269070935
487,"Peachtree Investment Partners, LLC",edgar/data/1743863/0001398344-25-002616.txt,266904536
488,"Gator Capital Management, LLC",edgar/data/1570284/0001062993-25-002243.txt,265792230
489,"Samjo Management, LLC",edgar/data/1986590/0000919574-25-001026.txt,265221304
490,"Pinnacle Holdings, LLC",edgar/data/1411784/0001411784-25-000002.txt,264946798
491,TRANSATLANTIQUE PRIVATE WEALTH LLC,edgar/data/1935000/0001935000-25-000001.txt,263183769
492,Alpha DNA Investment Management LLC,edgar/data/1842440/0001172661-25-000792.txt,262692295
493,"Canopy Partners, LLC",edgar/data/1960860/0001960860-25-000001.txt,261969564
494,Aster Capital Management (DIFC) Ltd,edgar/data/2040915/0002040915-25-000001.txt,261936388
495,Ovata Capital Management Ltd,edgar/data/1724517/0001724517-25-000003.txt,261892861
496,"Shaker Financial Services, LLC",edgar/data/1511794/0001172661-25-000750.txt,261004525
497,"GPI CAPITAL, L.P.",edgar/data/1836021/0001836021-25-000002.txt,260062667
498,"NFP Retirement, Inc.",edgar/data/2040084/0001085146-25-001274.txt,259106536
499,"NWK Group, Inc.",edgar/data/1803054/0001398344-25-002707.txt,258784996
500,"Allred Capital Management, LLC",edgar/data/1765885/0001172661-25-000793.txt,258387998
501,"LFL Advisers, LLC",edgar/data/1694127/0001694127-25-000001.txt,256740534
502,"Eley Financial Management, Inc",edgar/data/1965267/0001965267-25-000001.txt,256668354
503,Schiavi & Co LLC,edgar/data/1840014/0001840014-25-000001.txt,256155074
504,Value Partners Investments Inc.,edgar/data/1800916/0001062993-25-002313.txt,255191693
505,"WITTENBERG INVESTMENT MANAGEMENT, INC.",edgar/data/1697790/0001062993-25-002229.txt,254744736
506,Selway Asset Management,edgar/data/1080523/0001080523-25-000004.txt,254542495
507,"Dalal Street, LLC",edgar/data/1549575/0001549575-25-000002.txt,253439237
508,METROPOLITAN LIFE INSURANCE CO/NY,edgar/data/728618/0001628280-25-005395.txt,252260056
509,Orion Investment Co,edgar/data/2033920/0002033920-25-000001.txt,250658078
510,BAROMETER CAPITAL MANAGEMENT INC.,edgar/data/1536890/0001104659-25-012671.txt,249686387
511,TEXAS CAPITAL BANCSHARES INC/TX,edgar/data/1077428/0001077428-25-000043.txt,248545350
512,"Pine Harbor Wealth Management, LLC",edgar/data/2016051/0001172661-25-000734.txt,248390962
513,"Old West Investment Management, LLC",edgar/data/1549358/0001941040-25-000139.txt,246766973
514,"NFP Retirement, Inc.",edgar/data/2040084/0001085146-25-001275.txt,245509727
515,"GKV Capital Management Co., Inc.",edgar/data/2052321/0002052321-25-000001.txt,245217850
516,Maxwell Wealth Strategies Inc.,edgar/data/1993410/0001993410-25-000001.txt,244925076
517,SELDON CAPITAL LP,edgar/data/1867731/0001867731-25-000002.txt,244268888
518,"Medina Value Partners, LLC",edgar/data/1843543/0001085146-25-001338.txt,243926690
519,MSH Capital Advisors LLC,edgar/data/2056306/0001420506-25-000400.txt,242281363
520,"Farringdon Capital, Ltd.",edgar/data/1750980/0001420506-25-000396.txt,241978733
521,"S Squared Technology, LLC",edgar/data/1322924/0001322924-25-000002.txt,240707083
522,POWER WEALTH MANAGEMENT LLC,edgar/data/2001039/0001398344-25-002709.txt,239418701
523,"Tiller Private Wealth, Inc.",edgar/data/1663649/0001085146-25-001259.txt,235926175
524,"Altman Advisors, Inc.",edgar/data/1731671/0001085146-25-001263.txt,234540798
525,CVS HEALTH Corp,edgar/data/64803/0000947871-25-000137.txt,233742140
526,"Wealth Advisors of Tampa Bay, LLC",edgar/data/1715228/0001715228-25-000001.txt,233525184
527,"Bond Capital Management, LP",edgar/data/1923934/0000950123-25-001979.txt,232662506
529,"SPRENG CAPITAL MANAGEMENT, INC.",edgar/data/1800913/0001172661-25-000742.txt,230121640
530,"NFP Retirement, Inc.",edgar/data/2040084/0001085146-25-001273.txt,230119345
531,Family Office Research LLC,edgar/data/2041267/0001172661-25-000759.txt,228130817
532,Ruggaard & Associates LLC,edgar/data/1971230/0001971230-25-000001.txt,228021418
533,Pamalican Asset Management Ltd,edgar/data/2040055/0002040055-25-000002.txt,226473233
534,Silver Heights Capital Management Inc,edgar/data/1705712/0001705712-25-000002.txt,224887700
535,Forum Private Client Group LLC,edgar/data/1910636/0001104659-25-012577.txt,224605654
536,Infusive Asset Management Inc.,edgar/data/1749333/0000728083-25-000002.txt,224504965
537,MSH Capital Advisors LLC,edgar/data/2056306/0001420506-25-000398.txt,223309783
538,"LIFELONG WEALTH ADVISORS, INC.",edgar/data/2051717/0001221073-25-000033.txt,222468279
539,INTEL CORP,edgar/data/50863/0000050863-25-000021.txt,221509325
540,"Decatur Capital Management, Inc.",edgar/data/1505961/0001376474-25-000202.txt,219374824
541,PSquared Asset Management AG,edgar/data/1623624/0000943663-25-000045.txt,219166762
542,"Thrive Capital Management, LLC",edgar/data/1845943/0001845943-25-000001.txt,218178433
543,"Alpha Wave Global, LP",edgar/data/1558858/0001172661-25-000808.txt,217922357
544,"WestBridge Capital Management, LLC",edgar/data/1846644/0001172661-25-000788.txt,216342634
545,"Madden Advisory Services, Inc.",edgar/data/1542284/0001172661-25-000762.txt,215401363
546,MSH Capital Advisors LLC,edgar/data/2056306/0001420506-25-000402.txt,215227068
547,Mirabaud Asset Management Ltd,edgar/data/1680493/0001680493-25-000001.txt,214980130
548,Employees' Retirement Fund of the City of Fort Worth,edgar/data/1986812/0001986812-25-000001.txt,214403801
549,"Verisail Partners, LLC",edgar/data/2016904/0001085146-25-001345.txt,213645899
550,"One William Street Capital Management, L.P.",edgar/data/1534300/0001172661-25-000755.txt,213250750
551,Ted Buchan & Co,edgar/data/2033413/0001172661-25-000720.txt,211804340
552,Elios Financial Group Inc.,edgar/data/2035601/0002035601-25-000001.txt,211500205
553,"GARRISON POINT ADVISORS, LLC",edgar/data/1767107/0001172661-25-000723.txt,210791968
554,"Savoir Faire Capital Management, L.P.",edgar/data/1710593/0001085146-25-001343.txt,210404490
555,1492 Capital Management LLC,edgar/data/1584087/0001584087-25-000002.txt,210264593
556,"Roubaix Capital, LLC",edgar/data/1769700/0001769700-25-000002.txt,208555435
557,Notis-McConarty Edward,edgar/data/1592616/0001494234-25-000007.txt,206636837
558,"JONES ROAD CAPITAL MANAGEMENT, L.P.",edgar/data/1842361/0001842361-25-000002.txt,205896091
559,Riverwater Partners LLC,edgar/data/1882572/0001941040-25-000144.txt,205515613
560,"Alexis Investment Partners, LLC",edgar/data/2054271/0002054271-25-000001.txt,204476926
561,"BROGAN FINANCIAL, INC.",edgar/data/1889918/0001085146-25-001266.txt,204179658
562,"O'ROURKE & COMPANY, Inc",edgar/data/1911468/0001911468-25-000001.txt,204122795
563,Integrated Quantitative Investments LLC,edgar/data/2046834/0001941040-25-000142.txt,202354907
564,ORIX CORP,edgar/data/1070304/0000950123-25-001880.txt,201539934
565,Stilwell Value LLC,edgar/data/1397076/0001104659-25-012693.txt,198492547
566,"Cahill Wealth Management, LLC",edgar/data/1927960/0001172661-25-000739.txt,196067323
567,Tandem Wealth Advisors LLC,edgar/data/1842557/0001986042-25-000005.txt,195971880
568,SALZHAUER MICHAEL,edgar/data/1059543/0001085146-25-001328.txt,195388314
569,"Teton Advisors, Inc.",edgar/data/1444874/0001140361-25-004331.txt,195052600
570,"Envision Financial Planning, LLC",edgar/data/1964460/0001964460-25-000001.txt,193505548
571,"Dalton Investments, Inc.",edgar/data/1388838/0001172661-25-000745.txt,192656757
572,"HARBERT FUND ADVISORS, INC.",edgar/data/1616659/0000919574-25-001108.txt,192462280
573,VPR Management LLC,edgar/data/1894203/0001894203-25-000002.txt,191896580
574,"Concorde Asset Management, LLC",edgar/data/1631773/0001062993-25-002273.txt,191767437
575,Melia Wealth LLC,edgar/data/1964047/0001964047-25-000001.txt,191547629
576,"RICHARDS, MERRILL & PETERSON, INC.",edgar/data/90108/0001398344-25-002691.txt,191439554
577,"ELCO Management Co., LLC",edgar/data/1690717/0001398344-25-002628.txt,190309230
578,Delaney Dennis R,edgar/data/1661536/0001661536-25-000001.txt,190084792
579,"Cascades Capital Asset Management, LLC",edgar/data/2035512/0001398344-25-002603.txt,187523791
580,MASTER'S WEALTH MANAGEMENT INC.,edgar/data/2056521/0001951757-25-000258.txt,187297380
581,Optivise Advisory Services LLC,edgar/data/2042876/0002042876-25-000001.txt,185557228
582,TSG Consumer Partners LP,edgar/data/1910156/0000950123-25-002050.txt,183770306
583,"Nierenberg Investment Management Company, Inc.",edgar/data/1282683/0001941040-25-000148.txt,180195106
584,CRUX WEALTH ADVISORS,edgar/data/2054270/0002054270-25-000001.txt,179668034
585,"KANE INVESTMENT MANAGEMENT, INC.",edgar/data/2056671/0001941040-25-000159.txt,179029784
586,"Solstein Capital, LLC",edgar/data/1730769/0001941040-25-000143.txt,178942213
587,Tribune Investment Group LP,edgar/data/2000730/0002000730-25-000001.txt,178596200
588,"Alapocas Investment Partners, Inc.",edgar/data/1908423/0001085146-25-001253.txt,177863436
589,"Carroll Investors, Inc",edgar/data/1911400/0001172661-25-000835.txt,177347400
590,"RE Dickinson Investment Advisors, LLC",edgar/data/1801241/0001801241-25-000001.txt,177271643
591,"Watchtower Advisors, LP",edgar/data/1807092/0001493152-25-006309.txt,176687771
592,"COOPER/HAIMS ADVISORS, LLC",edgar/data/1654033/0001654033-25-000001.txt,176319696
593,"Capital Square, LLC",edgar/data/1798736/0001798736-25-000001.txt,175995338
594,Prepared Retirement Institute LLC,edgar/data/2056037/0002056037-25-000005.txt,175168570
595,KilterHowling LLC,edgar/data/1759354/0001759354-25-000002.txt,174737343
596,Charter Oak Advisors LP,edgar/data/2022905/0001420506-25-000403.txt,174524593
597,"Finer Wealth Management, Inc.",edgar/data/1929071/0001221073-25-000035.txt,174451044
598,Integrity Financial Corp /WA,edgar/data/1917704/0001398344-25-002682.txt,174179113
599,Bernard Wealth Management Corp.,edgar/data/2056313/0002056313-25-000001.txt,173476897
600,Dempze Nancy E,edgar/data/1592614/0001494234-25-000008.txt,173161207
601,"Alcosta Capital Management, Inc.",edgar/data/1842509/0001398344-25-002604.txt,171534260
602,Investidor Profissional Gestao de Recursos Ltda.,edgar/data/1953154/0001953154-25-000001.txt,171318864
603,"FAIRFIELD, BUSH & CO.",edgar/data/1116247/0001116247-25-000001.txt,170052650
604,Resurgent Financial Advisors LLC,edgar/data/1912339/0001085146-25-001342.txt,169946387
605,"Keyes, Stange & Wooten Wealth Management, LLC",edgar/data/2011352/0001420506-25-000347.txt,169706443
606,"CORNERSTONE ENTERPRISES, LLC",edgar/data/1987314/0001085146-25-001211.txt,166518772
607,Solano Wealth Investment Advisors LLC,edgar/data/2049179/0001172661-25-000758.txt,166351577
608,Prepared Retirement Institute LLC,edgar/data/2056037/0002056037-25-000004.txt,165206343
609,"AGP FRANKLIN, LLC",edgar/data/2056566/0001951757-25-000256.txt,164401077
610,Arbiter Partners Capital Management LLC,edgar/data/1513193/0001062993-25-002253.txt,161842457
611,"NFP Retirement, Inc.",edgar/data/2040084/0001085146-25-001272.txt,161803141
612,ECOFI INVESTISSEMENTS SA,edgar/data/2034064/0001104659-25-012931.txt,161719693
613,"Rossby Financial, LCC",edgar/data/2056510/0002056510-25-000001.txt,161590407
614,"CORNERSTONE ENTERPRISES, LLC",edgar/data/1987314/0001085146-25-001210.txt,159688287
615,"Ventas, Inc.",edgar/data/740260/0001104659-25-013001.txt,159569917
616,Petiole USA ltd,edgar/data/1600202/0001172661-25-000737.txt,158895441
617,Nutshell Asset Management Ltd,edgar/data/2021442/0002021442-25-000001.txt,158269605
618,"Toronado Partners, LLC",edgar/data/1749611/0001749611-25-000003.txt,158252484
619,"Teca Partners, LP",edgar/data/1910154/0001839882-25-008943.txt,156962997
620,"Legacy Wealth Managment, LLC/ID",edgar/data/2045082/0002045082-25-000001.txt,156474347
621,Benchmark Investment Advisors LLC,edgar/data/1910971/0001104659-25-012608.txt,153673182
622,Fortune 45 LLC,edgar/data/1918707/0001172661-25-000743.txt,153233738
623,STRAIGHTLINE GROUP LLC,edgar/data/1444864/0001444864-25-000002.txt,152623641
624,"Inlight Wealth Management, LLC",edgar/data/1731795/0001731795-25-000002.txt,152040468
625,"NFP Retirement, Inc.",edgar/data/2040084/0001085146-25-001271.txt,151699568
626,BRIDGE GENERATIONS WEALTH MANAGEMENT LLC,edgar/data/2056071/0002056071-25-000002.txt,151412740
627,Prepared Retirement Institute LLC,edgar/data/2056037/0002056037-25-000003.txt,150855237
628,"CORNERSTONE ENTERPRISES, LLC",edgar/data/1987314/0001085146-25-001209.txt,150589451
629,SERENITY CAPITAL MANAGEMENT PTE. LTD.,edgar/data/1934957/0001172661-25-000822.txt,149028697
630,Darden Wealth Group Inc,edgar/data/2011221/0002011221-25-000002.txt,148528192
631,Pivotal bioVenture Partners Investment Advisor LLC,edgar/data/1844645/0001012975-25-000081.txt,148065879
632,"ROI Financial Advisors, LLC",edgar/data/2011633/0001941040-25-000145.txt,146831730
633,"Strategic Financial Planning, Inc.",edgar/data/1802277/0001214659-25-002552.txt,146743563
634,Chou Associates Management Inc.,edgar/data/1389403/0001104659-25-012614.txt,146717505
635,Redwood Park Advisors LLC,edgar/data/2056274/0001839882-25-008820.txt,146045037
636,"BRIGHTLINE CAPITAL MANAGEMENT, LLC",edgar/data/1432450/0000919574-25-001107.txt,145792090
637,LYNWOOD PRICE CAPITAL MANAGEMENT LP,edgar/data/2046605/0002046605-25-000002.txt,145149906
638,"ISLAY CAPITAL MANAGEMENT, LLC",edgar/data/1738560/0001941040-25-000146.txt,144028554
639,Carson Advisory Inc.,edgar/data/1909304/0001909304-25-000001.txt,143806276
640,Tao Capital Management LP,edgar/data/1802967/0001802967-25-000001.txt,143281570
641,Timelo Investment Management Inc.,edgar/data/1851296/0000919574-25-001116.txt,142381776
642,"Financial Alternatives, Inc",edgar/data/1967227/0001085146-25-001264.txt,141808941
643,Round Hill Asset Management,edgar/data/1696438/0001696438-25-000002.txt,141798655
644,"BREACH INLET CAPITAL MANAGEMENT, LLC",edgar/data/2009914/0002009914-25-000001.txt,141225375
645,RiverGlades Family Offices LLC,edgar/data/1619779/0001619779-25-000001.txt,140088247
646,Lepercq De Neuflize Asset Management LLC,edgar/data/1854423/0001420506-25-000359.txt,139468608
647,"Rector, Church-Wardens & Vestrymen of Trinity Church in the city of New-York",edgar/data/1729522/0000950123-25-001975.txt,138322728
648,University of Wisconsin Foundation,edgar/data/1697228/0001697228-25-000001.txt,137577245
649,"INTEGRITY WEALTH ADVISORS, INC.",edgar/data/1951908/0001172661-25-000824.txt,137242267
650,"NFP Retirement, Inc.",edgar/data/2040084/0001085146-25-001270.txt,136719867
651,"CORNERSTONE ENTERPRISES, LLC",edgar/data/1987314/0001085146-25-001208.txt,135929404
652,"Andrew Hill Investment Advisors, Inc.",edgar/data/1897071/0001085146-25-001207.txt,134563132
653,Prepared Retirement Institute LLC,edgar/data/2056037/0002056037-25-000002.txt,133985322
654,Prepared Retirement Institute LLC,edgar/data/2056037/0002056037-25-000001.txt,133491836
655,Optimize Financial Inc,edgar/data/2033266/0002033266-25-000001.txt,133433663
656,Campion Asset Management,edgar/data/1843492/0001172661-25-000770.txt,132439761
657,"U S WEALTH GROUP, LLC.",edgar/data/1554427/0001554427-25-000001.txt,132284131
658,"OEP CAPITAL ADVISORS, L.P.",edgar/data/1817681/0001817681-25-000001.txt,131549074
659,"PRIMORIS WEALTH ADVISORS, LLC",edgar/data/1909619/0001667731-25-000254.txt,131457423
660,"Cravens & Co Advisors, LLC",edgar/data/1966116/0001966116-25-000001.txt,131341117
661,"Landing Point Financial Group, LLC",edgar/data/2025964/0001765380-25-000098.txt,131045101
662,"BUSH INVESTMENT GROUP, LLC",edgar/data/1966640/0001966640-25-000002.txt,128130151
663,Balanced Rock Investment Advisors LLC,edgar/data/2011851/0002011851-25-000001.txt,126362010
664,TT Capital Management LLC,edgar/data/2056338/0001172661-25-000772.txt,125443235
665,"Frederick Financial Consultants, LLC",edgar/data/2055328/0002055328-25-000001.txt,125185329
666,HCEP Management Ltd,edgar/data/1822015/0001822015-25-000002.txt,125023256
667,"Hurley Capital, LLC",edgar/data/1632844/0001632844-25-000003.txt,124387587
668,QVIDTVM Management LLC,edgar/data/1912226/0001912226-25-000001.txt,124160338
669,"Harraden Circle Investments, LLC",edgar/data/1910592/0001910592-25-000002.txt,123346024
670,Amitell Capital Pte Ltd,edgar/data/1807559/0001807559-25-000002.txt,123185748
671,"Elizabeth Park Capital Advisors, Ltd.",edgar/data/1600583/0001493152-25-006266.txt,122698791
672,Twenty Acre Capital LP,edgar/data/1928941/0001754960-25-000144.txt,122498358
673,"Varde Management, L.P.",edgar/data/1559130/0000950123-25-001963.txt,121699500
674,"Holcombe Financial, Inc.",edgar/data/2056177/0002056177-25-000002.txt,121450762
675,Gibson Wealth Advisors LLC,edgar/data/1911266/0001754960-25-000143.txt,121176432
676,"Oder Investment Management, LLC",edgar/data/1845109/0001085146-25-001290.txt,120046753
677,"Seneschal Advisors, LLC",edgar/data/2039659/0002039659-25-000001.txt,119602879
678,Nan Fung Group Holdings Ltd,edgar/data/1782539/0001012975-25-000083.txt,116920786
679,"TRV GP VI, LLC",edgar/data/1990716/0000950123-25-002039.txt,116909023
680,Generation Capital Management LLC,edgar/data/2054384/0001214659-25-002527.txt,116679423
681,Ibex Investors LLC,edgar/data/1531964/0001420506-25-000337.txt,115879779
682,"CERTIOR FINANCIAL GROUP, LLC",edgar/data/2055620/0001104659-25-012569.txt,115517251
683,"Black Cypress Capital Management, LLC",edgar/data/2022614/0002022614-25-000001.txt,115377542
684,Finward Bancorp,edgar/data/919864/0001628280-25-005434.txt,115335676
685,Pilgrim Partners Asia Pte Ltd,edgar/data/2012674/0002012674-25-000001.txt,114916985
686,StepStone Group LP,edgar/data/1502287/0000950123-25-001948.txt,114361937
687,Everest Management Corp.,edgar/data/2056683/0001951757-25-000260.txt,113529098
688,Broyhill Asset Management,edgar/data/1966057/0001140361-25-004246.txt,113504776
689,"AyurMaya Capital Management Company, LP",edgar/data/1975990/0001172661-25-000834.txt,112988353
690,"Blue Water Life Science Advisors, LP",edgar/data/1789778/0001420506-25-000379.txt,112936806
691,"Dynamic Wealth Strategies, LLC",edgar/data/1812853/0001862864-25-000003.txt,112353416
692,PARK CIRCLE Co,edgar/data/1546592/0001104659-25-012592.txt,112207615
693,KIZE CAPITAL LP,edgar/data/1798860/0000902664-25-000934.txt,111224898
694,"TFJ Management, LLC",edgar/data/2056069/0002056069-25-000001.txt,111038153
695,SHARPEPOINT LLC,edgar/data/2046822/0002046822-25-000001.txt,111017704
696,Arrow Capital Pty Ltd,edgar/data/2005134/0002005134-25-000002.txt,109153385
697,Coign Capital Advisors LLC,edgar/data/2056441/0001172661-25-000747.txt,108589478
698,"Carbahal Olsen Financial Services Group, LLC",edgar/data/2052538/0002052538-25-000002.txt,108446323
699,"STEPHEN J. GARRY & ASSOCIATES, LLC",edgar/data/2056402/0001951757-25-000251.txt,108298943
700,Ranmore Fund Management Ltd,edgar/data/2055400/0002055400-25-000001.txt,107895211
701,"NFP Retirement, Inc.",edgar/data/2040084/0001085146-25-001268.txt,107521143
702,"RAHLFS CAPITAL, LLC",edgar/data/2056410/0002056410-25-000001.txt,107342141
703,"TME FINANCIAL, INC.",edgar/data/2056230/0001172661-25-000777.txt,107039300
704,"Orca Investment Management, LLC",edgar/data/1511229/0001104659-25-012662.txt,106329820
705,"VALINOR MANAGEMENT, L.P.",edgar/data/1401388/0001172661-25-000829.txt,106026069
706,"CHIRON CAPITAL MANAGEMENT, LLC",edgar/data/1830922/0001830922-25-000001.txt,105940569
707,"STEPHEN J. GARRY & ASSOCIATES, LLC",edgar/data/2056402/0001951757-25-000253.txt,105207960
708,Tandem Investment Partners LLC,edgar/data/2056333/0001172661-25-000731.txt,104491999
709,INVESCO SENIOR SECURED MANAGEMENT INC /ADV,edgar/data/870481/0000914208-25-000104.txt,104172005
710,Archon Capital Management LLC,edgar/data/1398825/0000919574-25-001105.txt,102905714
711,"NFP Retirement, Inc.",edgar/data/2040084/0001085146-25-001269.txt,102211540
712,Hudson Portfolio Management LLC,edgar/data/1847700/0001172661-25-000771.txt,101986513
713,KALEIDOSCOPE CAPITAL LP,edgar/data/1702912/0001062993-25-002331.txt,101868512
714,M28 Capital Management LP,edgar/data/1807489/0000902664-25-000931.txt,101855317
715,"Entruity Wealth, LLC",edgar/data/1719303/0001085146-25-001256.txt,100810640
716,"Quest 10 Wealth Builders, Inc.",edgar/data/2035215/0001437749-25-003741.txt,100513635
717,Sellaronda Global Management LP,edgar/data/1975764/0001839882-25-008771.txt,99982820
718,MESIROW FINANCIAL INVESTMENT MANAGEMENT - Fixed Income,edgar/data/846788/0001947591-25-000003.txt,98939978
719,"STEPHEN J. GARRY & ASSOCIATES, LLC",edgar/data/2056402/0001951757-25-000255.txt,98779123
720,"Evolutionary Tree Capital Management, LLC",edgar/data/1844345/0001376474-25-000201.txt,98285884
721,"HGI Capital Management, LLC",edgar/data/1595907/0001595907-25-000001.txt,97197097
722,Miramar Fiduciary Corp,edgar/data/1587301/0001573913-25-000003.txt,96771263
723,"STEPHEN J. GARRY & ASSOCIATES, LLC",edgar/data/2056402/0001951757-25-000254.txt,96646520
724,"KDK Private Wealth Management, LLC",edgar/data/1776910/0001667731-25-000253.txt,96337173
725,AlpInvest Partners B.V.,edgar/data/1512910/0000898432-25-000123.txt,95852547
726,"BRANDYWINE MANAGERS, LLC",edgar/data/1135121/0000919574-25-001151.txt,94896671
727,Defined Financial Planning LLC,edgar/data/2056559/0001754960-25-000141.txt,93667860
728,"Petros Family Wealth, LLC",edgar/data/2004963/0002004963-25-000001.txt,92707579
729,"STONEHAVEN WEALTH & TAX SOLUTIONS, LLC",edgar/data/2056591/0001951757-25-000259.txt,91864262
730,"Dai-ichi Life Holdings, Inc.",edgar/data/948518/0000898432-25-000108.txt,91108044
731,"Yost Capital Management, LP",edgar/data/1489859/0001085146-25-001339.txt,89981722
732,"Hobbs Wealth Management, LLC",edgar/data/2019202/0002019202-25-000003.txt,87528475
733,"DRH Investments, Inc.",edgar/data/1630709/0001630709-25-000001.txt,87123928
734,Mirabaud Asset Management (France) SAS,edgar/data/2033031/0002033031-25-000001.txt,86098705
735,Tikehau Investment Management,edgar/data/1740840/0001376474-25-000203.txt,83088552
736,ENTRUST GLOBAL PARTNERS L L C,edgar/data/1080818/0001140361-25-004346.txt,82775570
737,Standard Family Office LLC,edgar/data/1809494/0001809494-25-000001.txt,82578266
738,"Swisher Financial Concepts, Inc.",edgar/data/1947503/0001947503-25-000002.txt,81459416
739,"TRV GP IV, LLC",edgar/data/1688325/0000950123-25-002038.txt,80184400
740,Katamaran Capital LLP,edgar/data/2025353/0002025353-25-000003.txt,78562509
741,Price Jennifer C.,edgar/data/1930102/0001930102-25-000001.txt,75461080
742,"New Leaf Venture Partners, L.L.C.",edgar/data/1631614/0000950123-25-002058.txt,74801573
743,"SCF Partners, Inc.",edgar/data/1085550/0000950123-25-001931.txt,74782651
744,Inflection Point Investments LLP,edgar/data/2009012/0000943663-25-000043.txt,73390320
745,EMORY UNIVERSITY,edgar/data/1377635/0001377635-25-000003.txt,69408582
746,"MAINSAIL MANAGEMENT COMPANY, LLC",edgar/data/1883367/0001883367-25-000001.txt,68192342
747,"Natixis Investment Managers, LLC",edgar/data/1053187/0001104659-25-012932.txt,64202418
748,Springhill Fund Asset Management (HK) Co Ltd,edgar/data/1911270/0001846639-25-000002.txt,61575374
749,BESSEMER GROUP INC,edgar/data/1054074/0000930413-25-000561.txt,61263006
750,CANADA LIFE ASSURANCE Co,edgar/data/1046192/0001046192-25-000002.txt,57983641
751,"Mach-1 Financial Group, LLC",edgar/data/1843358/0001172661-25-000812.txt,55462107
752,"COHEN & STEERS, INC.",edgar/data/1284812/0001284812-25-000073.txt,52801046
753,"Charis Legacy Partners, LLC",edgar/data/2056602/0001754960-25-000142.txt,48992140
754,LSV ASSET MANAGEMENT,edgar/data/1050470/0001050470-25-000004.txt,43322368
755,INVESTMENT COUNSEL CO OF NEVADA,edgar/data/2056576/0002056576-25-000001.txt,39424657
756,TAKEDA PHARMACEUTICAL CO LTD,edgar/data/1395064/0001395064-25-000030.txt,37950196
757,"Bratton Capital Management, L.P.",edgar/data/1723787/0001315863-25-000166.txt,34927010
758,Yahav Achim Ve Achayot - Provident Funds Management Co Ltd.,edgar/data/1894044/0001894044-25-000001.txt,30211619
759,"MML INVESTORS SERVICES, LLC",edgar/data/701059/0000701059-25-000001.txt,28977035
760,"Stevard, LLC",edgar/data/1812093/0001104659-25-012573.txt,26790604
761,Treasurer of the State of North Carolina,edgar/data/1761054/0001761054-25-000003.txt,25661153
762,Cowen Investment Management LLC,edgar/data/1475770/0001085146-25-001187.txt,12025618
763,Ilmarinen Mutual Pension Insurance Co,edgar/data/1661580/0001661580-25-000001.txt,11665957
764,TEACHERS RETIREMENT SYSTEM OF THE STATE OF KENTUCKY,edgar/data/714142/0000714142-25-000001.txt,11387669
765,"Acorns Advisers, LLC",edgar/data/1701879/0001701879-25-000001.txt,10318660
766,BI Asset Management Fondsmaeglerselskab A/S,edgar/data/1778131/0001778131-25-000001.txt,9482618
767,"SkyBridge Capital II, LLC",edgar/data/1639668/0001639668-25-000001.txt,9417171
768,METLIFE INC,edgar/data/1099219/0001628280-25-005388.txt,9336400
769,PEAPACK GLADSTONE FINANCIAL CORP,edgar/data/1050743/0001050743-25-000002.txt,6893426
770,Penserra Capital Management LLC,edgar/data/1593324/0001593324-25-000004.txt,5465771
771,SIT INVESTMENT ASSOCIATES INC,edgar/data/769317/0000897101-25-000095.txt,4406585
772,BAUPOST GROUP LLC/MA,edgar/data/1061768/0001061768-25-000002.txt,3434526
773,COOPER CREEK PARTNERS MANAGEMENT LLC,edgar/data/1512162/0001512162-25-000003.txt,3241985
774,"Demars Financial Group, LLC",edgar/data/1723115/0001723115-25-000002.txt,3105973
775,WEDBUSH SECURITIES INC,edgar/data/1142495/0001142495-25-000025.txt,2805344
776,OSTERWEIS CAPITAL MANAGEMENT INC,edgar/data/1007524/0001085146-25-001336.txt,2149096
777,"Reynders McVeigh Capital Management, LLC",edgar/data/1455969/0001455969-25-000001.txt,1899855
778,SUN LIFE FINANCIAL INC,edgar/data/1097362/0001104659-25-012323.txt,1792952
779,"RE Dickinson Investment Advisors, LLC",edgar/data/1801241/0001801241-25-000002.txt,1772717
780,PHILADELPHIA TRUST CO,edgar/data/1110806/0001110806-25-000001.txt,1363352
781,PAYDEN & RYGEL,edgar/data/919219/0000919219-25-000003.txt,1161316
782,WFM ASIA (BVI) Ltd,edgar/data/1632574/0001632574-25-000003.txt,921258
783,Claret Asset Management Corp,edgar/data/1735513/0001735513-25-000002.txt,633344
784,"Annandale Capital, LLC",edgar/data/1811739/0001811739-25-000001.txt,630939
785,"M Holdings Securities, Inc.",edgar/data/1569638/0001569638-25-000002.txt,620225
786,"Front Street Capital Management, Inc.",edgar/data/1683182/0001683182-25-000001.txt,575667
787,SPEECE THORSON CAPITAL GROUP INC,edgar/data/900169/0000900169-25-000001.txt,506904
788,Exos Asset Management LLC,edgar/data/1834630/0001834630-25-000002.txt,433434
789,"RR Advisors, LLC",edgar/data/1322613/0001322613-25-000002.txt,389117
790,"Winthrop Capital Management, LLC",edgar/data/2010657/0001839882-25-008932.txt,375755
791,"M3F, Inc.",edgar/data/1511291/0001511291-25-000001.txt,345910
792,"LaSalle St. Investment Advisors, LLC",edgar/data/1966193/0001966193-25-000001.txt,322468
793,"Whetstone Capital Advisors, LLC",edgar/data/1607278/0001607278-25-000003.txt,310224
794,"Tekne Capital Management, LLC",edgar/data/1558971/0000919574-25-001102.txt,282588
795,"Ceeto Capital Group, LLC",edgar/data/1722439/0001722439-25-000001.txt,271703
796,Select Asset Management & Trust,edgar/data/1600636/0001600636-25-000001.txt,258012
797,One Degree Advisors Inc,edgar/data/2005743/0002005743-25-000001.txt,245857
798,Ashburton (Jersey) Ltd,edgar/data/1661222/0001661222-25-000002.txt,226670
799,Garner Asset Management Corp,edgar/data/1714093/0001714093-25-000001.txt,221432
800,Athos Capital Ltd,edgar/data/1681662/0001681662-25-000001.txt,221091
801,Resolute Capital Asset Partners LLC,edgar/data/1834913/0001834913-25-000001.txt,185909
802,"Cunning Capital Partners, LP",edgar/data/1571075/0001571075-25-000001.txt,166850
803,Covestor Ltd,edgar/data/1909846/0001909846-25-000001.txt,159695
804,"Kopp Family Office, LLC",edgar/data/1683689/0001683689-25-000001.txt,157828
805,ELKHORN PARTNERS LIMITED PARTNERSHIP,edgar/data/928400/0000900440-25-000008.txt,152328
806,TLS Advisors LLC,edgar/data/1768824/0001768824-25-000004.txt,43738
807,Bank of Nova Scotia Trust Co (Bahamas) Ltd,edgar/data/1614992/0001085146-25-001199.txt,0
808,"Clear Sky Carbon Solutions Investment Management, LLC",edgar/data/1887492/0001104659-25-012612.txt,0
809,Covalis (Gibraltar) Ltd,edgar/data/1876826/0001172661-25-000799.txt,0
810,"Flow State Investments, L.P.",edgar/data/1850755/0001850755-25-000002.txt,0
811,"GEM GP, LLC",edgar/data/1794272/0001085146-25-001330.txt,0
812,"Harbor Spring Capital, LLC",edgar/data/1635409/0001635409-25-000001.txt,0
813,Key Square Capital Management LLC,edgar/data/1662970/0001172661-25-000724.txt,0
814,Longview Partners LLP,edgar/data/1426919/0001085146-25-001333.txt,0
815,MADISON DEARBORN PARTNERS LLC,edgar/data/1181100/0000950123-25-001837.txt,0
816,OSTERWEIS CAPITAL MANAGEMENT LLC/CA,edgar/data/1048802/0001085146-25-001337.txt,0
817,PROVIDA PENSION FUND ADMINISTRATOR,edgar/data/931588/0001628280-25-005413.txt,0
818,Profuturo AFP S.A.,edgar/data/1614987/0001085146-25-001201.txt,0
819,SCOTIA CAPITAL (USA) INC,edgar/data/1697694/0001085146-25-001204.txt,0
820,Scotia Administradora General De Fondos Chile S.A.,edgar/data/1904831/0001085146-25-001202.txt,0
821,"Scotia Fondos, S.A. de C.V., Sociedad Operadora de Fondos de Inversion, Grupo Financiero Scotiabank Inverlat",edgar/data/1698322/0001085146-25-001205.txt,0
822,Unicom Capital LLC,edgar/data/1541197/0000950123-25-002034.txt,0


GILEAD SCIENCES, INC.",edgar/data/882095/0001123292-25-000079.txt,1551148266
JOHNSON & JOHNSON,edgar/data/200406/0000904454-25-000124.txt,386126729
TAKEDA PHARMACEUTICAL CO LTD,edgar/data/1395064/0001395064-25-000028.txt,232311238
TAKEDA PHARMACEUTICAL CO LTD,edgar/data/1395064/0001395064-25-000024.txt,327499882